node_id,segment,lat,lon,target_sog_knots,actual_sog_knots,required_sws_knots,clamped_sws_knots,distance_nm,time_h,fuel_mt,cum_distance_nm,cum_time_h,cum_fuel_mt,beaufort,wave_height_m,current_knots,heading_deg
0,0,24.75,52.83,11.982705384280768,11.982705384280768,11.6705322265625,11.6705322265625,11.999999999999728,1.0014432980837238,1.123836290679955,11.999999999999728,1.0014432980837238,1.123836290679955,3,0.5600000023841858,0.4346568628212288,60.344368723297364
1,0,24.84876888297169,53.02140620562197,11.982705384280768,11.982705384280768,11.9287109375,11.9287109375,11.999999999999988,1.0014432980837455,1.2000839003837045,23.999999999999716,2.0028865961674693,2.3239201910636593,2,0.699999988079071,0.30734877606962463,60.42465267944973
2,0,24.947293551215168,53.21311787900344,11.982705384280766,11.982705384280766,12.40478515625,12.40478515625,12.000000000000128,1.0014432980837573,1.3495805367689937,35.999999999999844,3.0043298942512267,3.673500727832653,2,0.7599999904632568,0.29157668545230675,60.50536427633032
3,0,25.045572510655717,53.40513612577071,11.982705384280768,11.982705384280768,12.4908447265625,12.4908447265625,11.999999999999957,1.0014432980837429,1.3778644482760394,47.9999999999998,4.00577319233497,5.051365176108693,3,0.800000011920929,0.29157668545230675,60.58650395191597
4,0,25.143604263274423,53.597462042488274,11.982705384280768,11.982705384280768,12.31689453125,12.31689453125,12.00000000000012,1.0014432980837567,1.3210970821480539,59.99999999999992,5.007216490418727,6.372462258256746,3,0.8399999737739563,0.2749011274547865,60.668072137161765
5,0,25.241387307125184,53.790096716503086,11.982705384280768,11.982705384280768,12.349853515625,12.349853515625,11.999999999999723,1.0014432980837233,1.3317309241577195,71.99999999999964,6.00865978850245,7.704193182414466,3,0.8600000143051147,0.4123516911821798,60.75006925581039
6,0,25.338920136352513,53.983041225787304,11.98270538428077,11.98270538428077,12.3883056640625,12.3883056640625,12.000000000000341,1.0014432980837749,1.344209012276573,83.99999999999999,7.010103086586224,9.04840219469104,3,0.8600000143051147,0.4859611102365778,60.83249572424165
7,0,25.436201241210174,54.17629663877965,11.982705384280768,11.982705384280768,12.3077392578125,12.3077392578125,12.000000000000142,1.0014432980837584,1.318153316522544,96.00000000000013,8.011546384669982,10.366555511213583,3,0.8399999737739563,0.4123516911821798,60.91535195129307
8,0,25.533229108080562,54.36986401422522,11.982705384280766,11.982705384280766,12.144775390625,12.144775390625,11.999999999999872,1.001443298083736,1.2664834741976148,108.0,9.012989682753718,11.633038985411199,2,0.8199999928474426,0.35043154112978575,60.998638338078784
9,0,25.63000221949503,54.56374440101395,11.98270538428077,11.98270538428077,12.39013671875,12.39013671875,12.000000000000355,1.001443298083776,1.3448051431987327,120.00000000000036,10.014432980837494,12.97784412860993,2,0.800000011920929,0.5667231510318896,61.082355277843845
10,0,25.726519054154934,54.75793883801757,11.982705384280766,11.982705384280766,12.49267578125,12.49267578125,11.999999999999702,1.0014432980837218,1.378470487756844,132.00000000000006,11.015876278921215,14.356314616366776,3,0.7799999713897705,0.29157668545230675,61.166503155750185
11,0,25.822778086953605,54.952448353925135,11.982705384280768,11.982705384280768,12.6043701171875,12.6043701171875,12.000000000000426,1.0014432980837822,1.4157758753501808,144.00000000000048,12.017319577004997,15.772090491716956,2,0.7400000095367432,0.5911972301310133,61.25108234874175
12,0,25.91877778899915,55.14727396707718,11.982705384280768,11.982705384280768,12.8643798828125,12.8643798828125,11.99999999999946,1.0014432980837014,1.5052118691471426,155.99999999999994,13.018762875088699,17.2773023608641,2,0.6800000071525574,0.783588729203391,61.33609322533856
13,0,26.01451662763809,55.34241668529839,11.982705384280768,11.941376665075698,13.0401611328125,13.0,12.000000000000227,1.0049092610147692,1.5586966663933104,168.00000000000017,14.023672136103468,18.835999027257408,2,0.6600000262260437,0.9220463282088739,61.421536145463634
14,0,26.109993066479976,55.53787750572894,11.98303506219232,11.893905551065432,13.0859375,13.0,12.000000000000455,1.008920068221453,1.5649177572570678,180.00000000000063,15.03259220432492,20.400916784514475,2,0.6399999856948853,0.9572323789864328,61.50741146027081
15,0,26.205205565422748,55.733657414654395,11.983754646234534,11.983754646234534,12.6263427734375,12.6263427734375,12.0,1.0013556146837979,1.423068363248834,192.00000000000063,16.03394781900872,21.82398514776331,2,0.6200000047683716,0.4859611102365778,61.593719511948805
16,0,26.300152580679118,55.9297573873342,11.983754646234534,11.983754646234534,12.4981689453125,12.4981689453125,11.999999999999744,1.0013556146837765,1.38016881832516,204.00000000000037,17.035303433692498,23.20415396608847,2,0.5600000023841858,0.35043154112978575,61.68046063356184
17,0,26.394832564803792,56.12617838782891,11.983754646234534,11.983754646234534,12.5933837890625,12.5933837890625,19.74049634903588,1.6472714046460075,2.322721699105516,223.74049634903625,18.682574838338507,25.526875665193984,2,0.5199999809265137,0.4859611102365778,61.767635148843624
18,1,26.55,56.45,11.983754646234535,11.983754646234535,11.81884765625,11.81884765625,12.000000000000284,1.0013556146838214,1.1671278769876756,235.74049634903653,19.683930453022327,26.694003542181658,2,0.4000000059604645,0.49558503967639433,120.70349740545363
19,1,26.44782122536709,56.64193630809914,11.983754646234535,11.983754646234535,11.5057373046875,11.5057373046875,12.0,1.0013556146837976,1.0768033567715687,247.74049634903653,20.685286067706127,27.770806898953225,1,0.3199999928474426,0.4859611102365778,120.78913579862181
20,1,26.34538650869462,56.83353195085728,11.983754646234535,11.983754646234535,11.375732421875,11.375732421875,12.000000000000085,1.0013556146838047,1.0407133908108315,259.7404963490366,21.686641682389933,28.811520289764058,2,0.25999999046325684,0.6223338984001274,120.87431588691152
21,1,26.242697448224845,57.02478821129246,11.983754646234534,11.983754646234534,11.6339111328125,11.6339111328125,11.999999999999773,1.001355614683779,1.1131924816715983,271.7404963490364,22.68799729707371,29.924712771435658,3,0.30000001192092896,0.4123516911821798,120.95903829328337
22,1,26.139755637239208,57.21570638164479,11.983754646234534,11.983754646234534,11.3739013671875,11.3739013671875,12.0,1.0013556146837979,1.0402109274045945,283.7404963490364,23.68935291175751,30.964923698840252,3,0.3400000035762787,0.8304107523891374,121.04330364780895
23,1,26.036562664045167,57.40628776319425,11.983754646234534,11.983754646234534,11.5240478515625,11.5240478515625,12.000000000000512,1.0013556146838405,1.0819525060383823,295.7404963490369,24.69070852644135,32.046876204878636,3,0.2800000011920929,0.6146975521392493,121.12711258749904
24,1,25.93312011196392,57.596533666080425,11.983754646234535,11.983754646234535,11.7767333984375,11.7767333984375,11.999999999999261,1.0013556146837361,1.1546957548694095,307.74049634903616,25.692064141125087,33.201571959748044,2,0.3199999928474426,0.2173284314106144,121.21046575611574
25,1,25.829429559318967,57.78644540912427,11.983754646234534,11.983754646234534,12.08251953125,12.08251953125,12.000000000000057,1.0013556146838025,1.246997422676386,319.7404963490362,26.69341975580889,34.44856938242443,3,0.3799999952316284,0.09719222043811888,121.29336380396474
26,1,25.72549257942552,57.97602431965198,11.983754646234535,11.983754646234535,12.1649169921875,12.1649169921875,11.999999999999943,1.001355614683793,1.2726837176048207,331.74049634903616,27.694775370492682,35.72125310002925,4,0.47999998927116394,0.09719222043811888,121.37580738770976
27,1,25.62131074058087,58.165271733320694,11.983754646234534,11.983754646234534,12.716064453125,12.716064453125,12.000000000000114,1.0013556146838074,1.4536210383878279,343.7404963490363,28.696130985176488,37.17487413841708,5,0.5799999833106995,0.09719222043811888,121.45779717019748
28,1,25.516885606055467,58.35418899394638,11.983754646234535,11.983754646234535,12.7764892578125,12.7764892578125,12.000000000000284,1.0013556146838214,1.4744418213170123,355.74049634903656,29.69748659986031,38.649315959734096,5,0.7599999904632568,0.2173284314106144,121.53933382025991
29,1,25.412218734084895,58.542777453333606,11.983754646234535,11.972535890455397,13.0108642578125,13.0,11.99999999999983,1.002293925847934,1.5546400670920653,367.7404963490364,30.699780525708242,40.20395602682616,5,0.8199999928474426,0.49558503967639433,121.62041801253488
30,1,25.30731167786265,58.73103847110737,11.983857523345185,11.983857523345185,12.93212890625,12.93212890625,12.000000000000114,1.0013470184056747,1.5289714814038222,379.7404963490365,31.701127544113916,41.732927508229984,5,0.7599999904632568,0.40073380614459897,121.70105042728271
31,1,25.202165985533703,58.918973414546954,11.983857523345186,11.983857523345186,12.6519775390625,12.6519775390625,11.999999999999943,1.0013470184056603,1.4317412802257188,391.74049634903645,32.702474562519576,43.1646687884557,5,0.6399999856948853,0.35043154112978575,121.7812317502071
32,1,25.09678320018889,59.10658365842173,11.983857523345185,11.983857523345185,11.8701171875,11.8701171875,12.000000000000398,1.0013470184056985,1.1823725257887476,403.74049634903685,33.70382158092527,44.34704131424445,4,0.6000000238418579,0.29157668545230675,121.86096267228741
33,1,24.99116485986,59.29387058482896,11.983857523345185,11.983857523345185,12.174072265625,12.174072265625,11.999999999999602,1.0013470184056321,1.2755483822516287,415.74049634903645,34.705168599330904,45.62258969649608,4,0.7200000286102295,0.2749011274547865,121.94024388958603
34,1,24.885312497515738,59.48083558303363,11.983857523345185,11.983857523345185,12.0916748046875,12.0916748046875,11.999999999999602,1.0013470184056321,1.2498234994526412,427.74049634903605,35.706515617736535,46.87241319594872,3,0.7599999904632568,0.2749011274547865,122.01907610308272
35,1,24.77922764105834,59.66748004931028,11.983857523345185,11.983857523345185,12.357177734375,12.357177734375,12.000000000000341,1.0013470184056936,1.33397346162308,439.7404963490364,36.70786263614223,48.2063866575718,4,0.7799999713897705,0.29157668545230675,122.09746001851062
36,1,24.672911813320983,59.85380538678673,11.983857523345185,11.983857523345185,12.8863525390625,12.8863525390625,12.000000000000284,1.001347018405689,1.5127924043800933,451.7404963490367,37.70920965454792,49.71917906195189,4,0.800000011920929,0.8801129801484472,122.17539634617337
37,1,24.566366532065913,60.039813005289865,11.983857523345185,11.716890502178991,13.265380859375,13.0,11.999999999999318,1.0241625111856834,1.5885600361749121,463.740496349036,38.733372165733606,51.3077390981268,3,0.8999999761581421,1.3745055085381988,122.25288580078437
38,1,24.4595933099833,60.22550432119334,11.986557500826898,11.957495366497056,13.0291748046875,13.0,12.00000000000017,1.0035546435269551,1.5565955435910768,475.74049634903616,39.73692680926056,52.86433464171788,3,0.9599999785423279,1.0866421087771718,122.32992910129684
39,1,24.352593654690743,60.41088075726735,11.986848389974108,11.986848389974108,12.734375,12.734375,12.00000000000017,1.0010971699647977,1.4595327316602125,487.74049634903633,40.73802397922536,54.32386737337809,3,1.0199999809265137,0.783588729203391,122.40652697074967
40,1,24.24536906873355,60.59594374253017,11.98684838997411,11.98684838997411,12.8076171875,12.8076171875,18.45846273425218,1.5398929004300226,2.2840217361814013,506.1989590832885,42.277916879655386,56.607889109559494,4,1.100000023841858,0.783588729203391,122.48268013609407
41,2,24.08,60.88,11.986848389974112,11.986848389974112,12.7105712890625,12.7105712890625,11.999999999999659,1.0010971699647546,1.451363333382562,518.1989590832882,43.27901404962014,58.059252442942054,4,1.159999966621399,0.6803455672047822,116.78462699446389
42,2,23.989809204796092,61.07529066933396,11.986848389974112,11.986848389974112,12.7471923828125,12.7471923828125,12.000000000000341,1.0010971699648115,1.4639443086866297,530.1989590832885,44.280111219584946,59.52319675162868,4,1.2000000476837158,0.783588729203391,116.86416762538227
43,2,23.899371501471848,61.27030755008517,11.98684838997411,11.98684838997411,12.6702880859375,12.6702880859375,12.0,1.0010971699647833,1.4376077439526804,542.1989590832885,45.28120838954973,60.960804495581364,4,1.2599999904632568,0.5911972301310133,116.94331589621184
44,2,23.80868828291025,61.46505144459315,11.986848389974112,11.986848389974112,12.7142333984375,12.7142333984375,12.000000000000114,1.0010971699647926,1.4526181745639872,554.1989590832886,46.282305559514526,62.41342267014535,4,1.2999999523162842,0.6146975521392493,117.02207195824641
45,2,23.717760939415,61.659523164914106,11.98684838997411,11.815435994134537,13.170166015625,13.0,11.999999999999886,1.01562058361257,1.5753108060709524,566.1989590832885,47.2979261431271,63.988733476216304,5,1.2999999523162842,0.5233961099167365,117.10043597070249
46,2,23.626590858686132,61.853723532691404,11.9887263410302,11.9887263410302,13.0035400390625,13.0,12.000000000000227,1.0009403550176506,1.5525405677414876,578.1989590832887,48.29886649814475,65.54127404395778,5,1.2799999713897705,0.38876888175247554,117.1784081005308
47,2,23.53517942579639,62.047653379027025,11.988726341030198,11.988726341030198,12.957763671875,12.957763671875,11.999999999999773,1.0009403550176128,1.5374573065971788,590.1989590832885,49.29980685316236,67.07873135055496,5,1.2400000095367432,0.40073380614459897,117.25598852233519
48,2,23.443528023168206,62.24131354435372,11.988726341030198,11.988726341030198,12.8314208984375,12.8314208984375,12.000000000000114,1.0009403550176412,1.492922121168157,602.1989590832886,50.30074720818,68.57165347172312,5,1.1799999475479126,0.35043154112978575,117.33317741817065
49,2,23.351638030551467,62.43470487830827,11.988726341030198,11.912654725795514,13.074951171875,13.0,11.999999999999886,1.0073321418453636,1.5624547532377904,614.1989590832885,51.30807935002536,70.13410822496091,5,1.100000023841858,0.6146975521392493,117.40997497747226
50,2,23.259510825001833,62.627828239605364,11.989590336110545,11.9132419495564,13.074951171875,13.0,11.999999999999886,1.007282488747466,1.5623777372113972,626.1989590832884,52.31536183877282,71.6964859621723,5,1.0399999618530273,0.6146975521392493,117.48638139685761
51,2,23.167147780859867,62.820684495912666,11.990467392735656,11.990467392735656,12.4029541015625,12.4029541015625,11.999999999999886,1.000795015486219,1.3481097335155174,638.1989590832883,53.31615685425904,73.04459569568782,4,0.9800000190734863,0.5667231510318896,117.56239688004223
52,2,23.074550269730683,63.01327452372654,11.990467392735658,11.990467392735658,12.14111328125,12.14111328125,12.000000000000568,1.000795015486276,1.2645190270724591,650.1989590832889,54.31695186974532,74.30911472276027,4,0.8999999761581421,0.5667231510318896,117.63802163765806
53,2,22.98171966046439,63.20559920824887,11.990467392735656,11.990467392735656,12.188720703125,12.188720703125,12.000000000000114,1.0007950154862382,1.2794526302479177,662.198959083289,55.31774688523156,75.58856735300819,4,0.8799999952316284,0.4859611102365778,117.71325588717349
54,2,22.888657319137042,63.39765944326465,11.990467392735658,11.990467392735658,12.401123046875,12.401123046875,11.999999999999886,1.0007950154862189,1.3475127551930726,674.1989590832889,56.318541900717776,76.93608010820125,4,0.8600000143051147,0.5667231510318896,117.7880998527073
55,2,22.795364609032386,63.589456131020675,11.990467392735658,11.990467392735658,12.2015380859375,12.2015380859375,12.000000000000227,1.0007950154862475,1.2834932065300082,686.1989590832891,57.31933691620402,78.21957331473126,3,0.8600000143051147,0.35043154112978575,117.86255376492204
56,2,22.701842890624125,63.78099018210505,11.990467392735658,11.990467392735658,12.03857421875,12.03857421875,11.999999999999204,1.000795015486162,1.2327499636734478,698.1989590832883,58.320131931690185,79.4523232784047,2,0.8600000143051147,0.13745056372739325,117.93661786091513
57,2,22.608093521558843,63.97226251532762,11.990467392735658,11.990467392735658,12.093505859375,12.093505859375,12.000000000000796,1.0007950154862948,1.2497020803918275,710.1989590832891,59.32092694717648,80.70202535879653,1,0.8600000143051147,0.13745056372739325,118.01029238402994
58,2,22.514117856639604,64.16327405760156,11.990467392735658,11.990467392735658,12.027587890625,12.027587890625,11.999999999999659,1.0007950154862,1.2293780428399832,722.1989590832887,60.32172196266268,81.93140340163652,2,0.8799999952316284,0.29157668545230675,118.08357758378872
59,2,22.41991724781013,64.35402574382555,11.990467392735658,11.990467392735658,11.9012451171875,11.9012451171875,11.999999999999773,1.0007950154862095,1.1910418855932083,734.1989590832885,61.32251697814889,83.12244528722972,1,0.8799999952316284,0.19438444087623777,118.15647371572837
60,2,22.325493044139545,64.54451851676734,11.990467392735658,11.990467392735658,11.73095703125,11.73095703125,12.000000000000455,1.0007950154862664,1.1406441220613168,746.198959083289,62.32331199363516,84.26308940929104,1,0.8799999952316284,0.2749011274547865,118.22898104127734
61,2,22.230846591807826,64.73475332694801,11.990467392735658,11.990467392735658,11.9140625,11.9140625,11.999999999999886,1.0007950154862189,1.1948942103051743,758.1989590832889,63.32410700912138,85.45798361959622,2,0.8799999952316284,0.09719222043811888,118.30109982763896
62,2,22.135979234091778,64.92473113252721,11.990467392735658,11.990467392735658,12.130126953125,12.130126953125,11.999999999999886,1.0007950154862189,1.26108939421433,770.1989590832887,64.3249020246076,86.71907301381054,1,0.8399999737739563,0.49558503967639433,118.37283034766627
63,2,22.040892311351588,65.11445289918954,11.990467392735658,11.990467392735658,12.130126953125,12.130126953125,12.000000000000114,1.000795015486238,1.261089394214354,782.1989590832889,65.32569704009383,87.9801624080249,1,0.8399999737739563,0.29157668545230675,118.44417287971834
64,2,21.945587161018047,65.30391960003178,11.990467392735658,11.990467392735658,11.8536376953125,11.8536376953125,12.000000000000114,1.000795015486238,1.1768057496158226,794.198959083289,66.32649205558006,89.15696815764072,1,0.8199999928474426,0.29157668545230675,118.51512770756263
65,2,21.85006511758026,65.4931322154511,11.990467392735656,11.990467392735656,11.807861328125,11.807861328125,15.044995602609788,1.2547463839253419,1.4583923791198543,809.2439546858988,67.5812384395054,90.61536053676058,2,0.800000011920929,0.38876888175247554,118.58569512024215
66,3,21.73,65.73,11.990467392735656,11.990467392735656,12.1282958984375,12.1282958984375,11.999999999999886,1.000795015486219,1.2605183923339898,821.2439546858986,68.58203345499162,91.87587892909457,2,0.7799999713897705,0.0,138.5954599747081
67,3,21.5800287738682,65.8721489652029,11.990467392735656,11.990467392735656,12.3773193359375,12.3773193359375,12.000000000000341,1.000795015486257,1.3397680675929737,833.243954685899,69.58282847047788,93.21564699668754,2,0.7799999713897705,0.38876888175247554,138.64791544713336
68,3,21.42993717840571,66.0140037877382,11.990467392735656,11.990467392735656,12.05322265625,12.05322265625,11.999999999999432,1.000795015486181,1.237255441324344,845.2439546858984,70.58362348596405,94.45290243801189,2,0.7599999904632568,0.2173284314106144,138.6999169596002
69,3,21.27972638091531,66.15556708753768,11.990467392735656,11.990467392735656,12.0001220703125,12.0001220703125,12.000000000000682,1.0007950154862855,1.220975153899352,857.2439546858991,71.58441850145034,95.67387759191124,2,0.7599999904632568,0.0,138.75146626712936
70,3,21.129397541561023,66.29684147385288,11.990467392735656,11.990467392735656,12.071533203125,12.071533203125,11.999999999999773,1.0007950154862095,1.2429027087079638,869.2439546858989,72.58521351693655,96.9167803006192,2,0.7400000095367432,0.09719222043811888,138.80256510984813
71,3,20.97895181344168,66.43782954531436,11.990467392735656,11.990467392735656,12.06787109375,12.06787109375,11.999999999999886,1.000795015486219,1.2417718834257117,881.2439546858988,73.58600853242277,98.15855218404491,1,0.7400000095367432,0.09719222043811888,138.8532152129319
72,3,20.828390342664054,66.57853388999213,11.990467392735656,11.990467392735656,12.06787109375,12.06787109375,12.000000000000455,1.0007950154862666,1.2417718834257705,893.2439546858992,74.58680354790903,99.40032406747068,1,0.7400000095367432,0.09719222043811888,138.9034182866985
73,3,20.67771426841554,66.7189570854568,11.990467392735654,11.990467392735654,12.2125244140625,12.2125244140625,11.999999999999886,1.0007950154862193,1.286963320968233,905.2439546858991,75.58759856339525,100.6872873884389,1,0.7200000286102295,0.29157668545230675,138.9531760265987
74,3,20.52692472303643,66.85910169884164,11.990467392735654,11.990467392735654,12.4871826171875,12.4871826171875,11.999999999999659,1.0007950154862002,1.3757617283626775,917.2439546858988,76.58839357888145,102.06304911680158,1,0.7400000095367432,0.5233961099167365,139.00249011327364
75,3,20.37602283209166,66.99897028690559,11.990467392735654,11.990467392735654,12.33154296875,12.33154296875,12.000000000000455,1.0007950154862666,1.324957953048128,929.2439546858992,77.58918859436771,103.3880070698497,1,0.7599999904632568,0.35043154112978575,139.05136221256942
76,3,20.22500971444217,67.13856539609694,11.990467392735654,11.990467392735654,12.188720703125,12.188720703125,11.999999999999659,1.0007950154862002,1.2794526302478693,941.2439546858989,78.58998360985392,104.66745970009758,2,0.7599999904632568,0.29157668545230675,139.099793975579
77,3,20.073886482315842,67.27788956261784,11.990467392735654,11.990467392735654,12.4725341796875,12.4725341796875,12.0,1.0007950154862288,1.3709257788620708,953.2439546858989,79.59077862534015,106.03838547895965,2,0.7599999904632568,0.4859611102365778,139.14778703867748
78,3,19.92265424137789,67.41694531248967,11.990467392735656,11.990467392735656,12.3992919921875,12.3992919921875,12.000000000000227,1.0007950154862475,1.3469159531351176,965.2439546858991,80.5915736408264,107.38530143209478,2,0.7599999904632568,0.4346568628212288,139.1953430235404
79,3,19.771314090800963,67.555735161619,11.990467392735656,11.990467392735656,12.0623779296875,12.0623779296875,11.999999999999432,1.000795015486181,1.240076931895292,977.2439546858985,81.59236865631257,108.62537836399007,2,0.7599999904632568,0.09719222043811888,139.2424635372136
80,3,19.619867123334654,67.69426161586426,11.990467392735654,11.990467392735654,12.2784423828125,12.2784423828125,12.000000000000114,1.0007950154862382,1.3079154336968535,989.2439546858986,82.5931636717988,109.93329379768691,3,0.7599999904632568,0.2749011274547865,139.28915017208845
81,3,19.468314425374704,67.83252717110335,11.990467392735653,11.990467392735653,12.28759765625,12.28759765625,12.000000000000341,1.0007950154862573,1.3108433101615653,1001.243954685899,83.59395868728507,111.24413710784847,3,0.7599999904632568,0.30734877606962463,139.33540450600645
82,3,19.31665707703168,67.97053431330148,11.990467392735654,11.990467392735654,12.3681640625,12.3681640625,12.000000000000114,1.0007950154862382,1.3367972613911623,1013.2439546858991,84.5947537027713,112.58093436923964,3,0.7599999904632568,0.4859611102365778,139.38122810223712
83,3,19.164896152199308,68.10828551858005,11.990467392735653,11.990467392735653,12.364501953125,12.364501953125,12.000000000000227,1.000795015486248,1.3356101696645408,1025.2439546858993,85.59554871825755,113.91654453890418,2,0.7599999904632568,0.4859611102365778,139.42662250955252
84,3,19.013032718622267,68.24578325328585,11.990467392735653,11.990467392735653,12.2198486328125,12.2198486328125,11.999999999999545,1.0007950154861909,1.2892802019224479,1037.2439546858989,86.59634373374374,115.20582474082663,2,0.7599999904632568,0.29157668545230675,139.47158926224895
85,3,18.861067837963645,68.38302997406103,11.990467392735653,11.990467392735653,12.0733642578125,12.0733642578125,12.0,1.0007950154862288,1.243468378705802,1049.2439546858989,87.59713874922997,116.44929311953243,2,0.7799999713897705,0.09719222043811888,139.51612988016626
86,3,18.709002565871963,68.5200281279136,11.990467392735654,11.990467392735654,11.9873046875,11.9873046875,12.0,1.0007950154862288,1.2170669445596238,1061.2439546858989,88.5979337647162,117.66636006409205,2,0.7799999713897705,0.13745056372739325,139.56024586876606
87,3,18.556837952047726,68.65678015228839,11.990467392735654,11.990467392735654,11.925048828125,11.925048828125,12.000000000000227,1.0007950154862477,1.1982028068984727,1073.243954685899,89.59872878020245,118.86456287099053,2,0.7799999713897705,0.09719222043811888,139.60393871913018
88,3,18.40457504030961,68.79328847513861,11.990467392735654,11.990467392735654,11.9451904296875,11.9451904296875,12.0,1.0007950154862288,1.204284419412726,1085.243954685899,90.59952379568868,120.06884729040326,2,0.7799999713897705,0.2173284314106144,139.64720990803278
89,3,18.252214868660182,68.92955551499789,11.990467392735656,11.990467392735656,12.0257568359375,12.0257568359375,22.993953523669916,1.9176861727342378,2.3546127536133183,1108.237908209569,92.51720996842292,122.42346004401658,2,0.7799999713897705,0.4123516911821798,139.69006089792805
90,4,17.96,69.19,11.990467392735654,11.990467392735654,12.254638671875,12.254638671875,11.999999999999773,1.0007950154862097,1.3003233656926403,1120.2379082095688,93.51800498390912,123.72378340970921,3,0.800000011920929,0.40073380614459897,143.38131287259571
91,4,17.799543520250094,69.31521039630857,11.990467392735653,11.990467392735653,12.313232421875,12.313232421875,12.0,1.0007950154862288,1.3190646032097373,1132.2379082095688,94.51879999939536,125.04284801291895,3,0.800000011920929,0.38876888175247554,143.41975510000293
92,4,17.639007543271358,69.44019578154918,11.990467392735654,11.990467392735654,12.294921875,12.294921875,11.999999999999773,1.0007950154862097,1.3131887548923593,1144.2379082095686,95.51959501488156,126.35603676781132,3,0.8199999928474426,0.30734877606962463,143.4577948954072
93,4,17.47839297451168,69.56495860896896,11.990467392735653,11.990467392735653,12.218017578125,12.218017578125,12.000000000000227,1.000795015486248,1.2887007212171864,1156.2379082095688,96.5203900303678,127.6447374890285,3,0.8399999737739563,0.2173284314106144,143.49543373711037
94,4,17.31770071417351,69.68950132071502,11.990467392735653,11.990467392735653,12.060546875,12.060546875,12.0,1.0007950154862288,1.2395122909859297,1168.2379082095688,97.52118504585404,128.88424978001444,3,0.8600000143051147,0.09719222043811888,143.53267308698526
95,4,17.156931657280026,69.81382634795015,11.990467392735654,11.990467392735654,11.983642578125,11.983642578125,11.999999999999773,1.0007950154862097,1.2159518471535524,1180.2379082095686,98.52198006134024,130.100201627168,3,0.8799999952316284,0.13745056372739325,143.56951439050607
96,4,16.996086693740796,69.93793611096858,11.990467392735653,11.990467392735653,11.8243408203125,11.8243408203125,11.999999999999773,1.00079501548621,1.1681016898956056,1192.2379082095683,99.52277507682645,131.26830331706358,3,0.8999999761581421,0.30734877606962463,143.60595907683415
97,4,16.835166708416963,70.06183301931141,11.99046739273565,11.99046739273565,11.74560546875,11.74560546875,12.0,1.000795015486229,1.1449224243828386,1204.2379082095683,100.52357009231268,132.4132257414464,3,0.8999999761581421,0.40073380614459897,143.64200855892426
98,4,16.674172581185847,70.18551947188183,11.990467392735653,11.990467392735653,11.719970703125,11.719970703125,12.000000000000227,1.000795015486248,1.1374423990863216,1216.2379082095686,101.52436510779893,133.55066814053274,3,0.9200000166893005,0.5233961099167365,143.67766423356605
99,4,16.5131051870051,70.30899785706013,11.99046739273565,11.99046739273565,11.719970703125,11.719970703125,12.0,1.000795015486229,1.1374423990863003,1228.2379082095686,102.52516012328516,134.68811053961903,3,0.9399999976158142,0.5233961099167365,143.71292748147363
100,4,16.351965395976357,70.43227055281848,11.990467392735653,11.990467392735653,11.529541015625,11.529541015625,12.000000000000227,1.000795015486248,1.082893858303181,1240.2379082095688,103.52595513877141,135.7710043979222,3,0.9399999976158142,0.5831533709046135,143.74779966733996
101,4,16.1907540734084,70.55533992683552,11.990467392735653,11.990467392735653,11.5753173828125,11.5753173828125,12.000000000000227,1.000795015486248,1.0958435554847012,1252.237908209569,104.52675015425766,136.8668479534069,3,0.9599999785423279,0.4346568628212288,143.78228213994325
102,4,16.02947207987981,70.67820833661061,11.990467392735653,11.990467392735653,11.8792724609375,11.8792724609375,12.0,1.0007950154862288,1.1844571795985308,1264.237908209569,105.52754516974389,138.05130513300543,3,0.9800000190734863,0.35043154112978575,143.8163762321846
103,4,15.868120271301182,70.80087812957798,11.990467392735654,11.990467392735654,11.961669921875,11.961669921875,11.999999999999773,1.0007950154862097,1.2092755631967034,1276.2379082095688,106.52834018523009,139.26058069620214,3,0.9800000190734863,0.6223338984001274,143.85008326118705
104,4,15.706699498976826,70.92335164322049,11.99046739273565,11.99046739273565,11.8536376953125,11.8536376953125,12.000000000000227,1.000795015486248,1.1768057496158344,1288.237908209569,107.52913520071634,140.43738644581796,3,0.9800000190734863,0.4859611102365778,143.88340452833071
105,4,15.545210609666068,71.04563120518324,11.99046739273565,11.99046739273565,11.9873046875,11.9873046875,11.999999999999773,1.00079501548621,1.2170669445596007,1300.2379082095688,108.52993021620254,141.65445339037757,3,0.9800000190734863,0.4859611102365778,143.9163413193806
106,4,15.383654445643995,71.16771913338684,11.990467392735649,11.990467392735649,12.012939453125,12.012939453125,12.000000000000227,1.0007950154862482,1.2248917209135983,1312.237908209569,109.53072523168879,142.87934511129117,3,0.9800000190734863,0.35043154112978575,143.94889490449356
107,4,15.222031844761824,71.28961773614049,11.990467392735649,11.990467392735649,11.9580078125,11.9580078125,12.0,1.0007950154862293,1.208165230673895,1324.237908209569,110.53152024717502,144.08751034196507,3,0.9800000190734863,0.2749011274547865,143.9810665383356
108,4,15.0603436405068,71.41132931225471,11.99046739273565,11.99046739273565,11.822509765625,11.822509765625,11.999999999999773,1.00079501548621,1.1675591158327956,1336.2379082095688,111.53231526266123,145.25506945779787,3,1.0,0.30734877606962463,144.01285746011462
109,4,14.898590662061642,71.53285615115392,11.990467392735647,11.990467392735647,11.81884765625,11.81884765625,12.000000000000227,1.0007950154862484,1.1664744718020355,1348.237908209569,112.53311027814748,146.42154392959992,3,1.0199999809265137,0.7401939087243625,144.04426889367625
110,4,14.73677373436354,71.65420053298864,11.990467392735647,11.990467392735647,11.9085693359375,11.9085693359375,11.999999999999773,1.0007950154862104,1.193242198471119,1360.2379082095688,113.53390529363368,147.61478612807105,3,1.0199999809265137,0.30734877606962463,144.07530204756435
111,4,14.574893678162761,71.77536472874739,11.990467392735646,11.990467392735646,11.9580078125,11.9580078125,11.999999999999773,1.0007950154862104,1.2081652306738722,1372.2379082095686,114.53470030911988,148.82295135874492,3,1.0199999809265137,0.2749011274547865,144.10595811507065
112,4,14.41295131008078,71.89635100036847,11.990467392735642,11.990467392735642,12.1209716796875,12.1209716796875,17.253822174873676,1.4389616025582797,1.8091151723879637,1389.4917303844422,115.97366191167816,150.6320665311329,3,1.0,0.5233961099167365,144.13623827431866
113,5,14.18,72.07,11.990467392735642,11.990467392735642,12.2802734375,12.2802734375,11.999999999999773,1.0007950154862109,1.3085006598442144,1401.491730384442,116.97445692716437,151.9405671909771,3,0.9800000190734863,0.8304107523891374,140.6732913081536
114,5,14.025360048274443,72.20055477925067,11.990467392735638,11.990467392735638,12.261962890625,12.261962890625,11.999999999999773,1.000795015486211,1.302656248679482,1413.4917303844418,117.97525194265057,153.2432234396566,3,0.9599999785423279,0.49558503967639433,140.70510237686446
115,5,13.870650244583084,72.33093359722214,11.990467392735635,11.990467392735635,12.4139404296875,12.4139404296875,12.000000000000682,1.0007950154862872,1.3516953064611954,1425.4917303844425,118.97604695813686,154.5949187461178,3,0.9399999976158142,0.8960680364275081,140.73652909424285
116,5,13.7158714831209,72.46113862849901,11.990467392735637,11.990467392735637,12.39013671875,12.39013671875,11.999999999999773,1.0007950154862113,1.3439345859009613,1437.4917303844422,119.97684197362307,155.93885333201877,3,0.9200000166893005,1.014716617489479,140.76757251859505
117,5,13.561024654088378,72.59117204060496,11.990467392735631,11.990467392735631,12.430419921875,12.430419921875,12.0,1.0007950154862306,1.3570855777839024,1449.4917303844422,120.9776369891093,157.29593890980266,2,0.9200000166893005,0.9911700793527887,140.79823369511007
118,5,13.406110643745686,72.72103599408304,11.990467392735633,11.990467392735633,12.3956298828125,12.3956298828125,12.000000000000455,1.0007950154862684,1.3457228777084083,1461.4917303844427,121.97843200459556,158.64166178751105,2,0.9200000166893005,0.783588729203391,140.8285136559315
119,5,13.251130334466582,72.8507326425759,11.99046739273563,11.99046739273563,12.415771484375,12.415771484375,11.999999999999773,1.0007950154862117,1.352293519363419,1473.4917303844425,122.97922702008178,159.99395530687448,2,0.8999999761581421,0.6803455672047822,140.8584134202017
120,5,13.096084604791972,72.9802641329061,11.990467392735633,11.990467392735633,12.181396484375,12.181396484375,12.0,1.0007950154862306,1.2771475414877966,1485.4917303844425,123.98002203556801,161.2711028483623,2,0.8999999761581421,0.29157668545230675,140.8879339940561
121,5,12.940974329483192,73.10963260515658,11.990467392735635,11.990467392735635,12.060546875,12.060546875,12.0,1.0007950154862304,1.2395122909859317,1497.4917303844425,124.98081705105425,162.51061513934823,2,0.8999999761581421,0.09719222043811888,140.91707637070795
122,5,12.785800379574962,73.2388401927511,11.990467392735637,11.990467392735637,12.0001220703125,12.0001220703125,11.999999999999545,1.0007950154861922,1.2209751538992384,1509.491730384442,125.98161206654044,163.73159029324748,2,0.8999999761581421,0.0,140.94584153045176
123,5,12.630563622428093,73.36788902253481,11.990467392735635,11.990467392735635,12.0001220703125,12.0001220703125,12.0,1.0007950154862304,1.220975153899285,1521.491730384442,126.98240708202667,164.95256544714675,2,0.8999999761581421,0.0,140.97423044071476
124,5,12.475264921781838,73.49678121485485,11.990467392735638,11.990467392735638,11.9378662109375,11.9378662109375,11.999999999999773,1.000795015486211,1.2020705487985999,1533.4917303844418,127.98320209751287,166.15463599594534,2,0.8999999761581421,0.09719222043811888,141.0022440560935
125,5,12.319905137806,73.62551888364092,11.990467392735631,11.990467392735631,11.8096923828125,11.8096923828125,12.000000000000227,1.0007950154862497,1.1637658010635727,1545.491730384442,128.98399711299913,167.3184017970089,1,0.9200000166893005,0.29157668545230675,141.02988331838046
126,5,12.164485127152723,73.75410413648605,11.990467392735644,11.990467392735644,11.7474365234375,11.7474365234375,12.000000000000227,1.0007950154862486,1.1454579631621598,1557.4917303844422,129.9847921284854,168.46385976017106,1,0.9200000166893005,0.38876888175247554,141.05714915661156
127,5,12.009005743008043,73.88253907472722,11.99046739273566,11.99046739273566,11.59912109375,11.59912109375,11.999999999999773,1.0007950154862093,1.1026180104225587,1569.491730384442,130.9855871439716,169.56647777059362,1,0.9200000166893005,0.4346568628212288,141.08404248709334
128,5,11.8534678351431,74.01082579352615,11.990467392735653,11.990467392735653,11.9342041015625,11.9342041015625,12.000000000000455,1.0007950154862668,1.2009646316751736,1581.4917303844425,131.98638215945786,170.76744240226878,1,0.9200000166893005,0.09719222043811888,141.11056421343022
129,5,11.697872249965128,74.1389663819501,11.990467392735644,11.990467392735644,11.8536376953125,11.8536376953125,11.999999999999545,1.0007950154861918,1.1768057496157684,1593.491730384442,132.98717717494407,171.94424815188455,0,0.9200000166893005,0.13745056372739325,141.1367152265898
130,5,11.542219830568152,74.26696292305253,11.990467392735665,11.990467392735665,11.9158935546875,11.9158935546875,12.000000000000227,1.0007950154862468,1.1954452195650014,1605.4917303844422,133.9879721904303,173.13969337144954,1,0.9200000166893005,0.5233961099167365,141.16249640489153
131,5,11.386511416783401,74.39481749395406,11.990467392735638,11.990467392735638,11.968994140625,11.968994140625,12.000000000000227,1.000795015486249,1.2114982686695674,1617.4917303844425,134.98876720591656,174.3511916401191,1,0.9200000166893005,0.30734877606962463,141.18790861408448
132,5,11.230747845229503,74.52253216592315,11.990467392735667,11.990467392735667,11.983642578125,11.983642578125,12.000000000000227,1.0007950154862466,1.2159518471535973,1629.4917303844427,135.9895622214028,175.56714348727272,2,0.8999999761581421,0.29157668545230675,141.21295270735885
133,5,11.074929949362355,74.65010900445695,11.990467392735626,11.990467392735626,11.8975830078125,11.8975830078125,11.999999999999773,1.0007950154862122,1.189942744214713,1641.4917303844425,136.990357236889,176.75708623148742,2,0.8999999761581421,0.2749011274547865,141.23762952537692
134,5,10.919058559524803,74.77755006936214,11.990467392735596,11.990467392735596,12.2381591796875,12.2381591796875,12.000000000000455,1.0007950154862715,1.2950845661041839,1653.491730384443,137.99115225237526,178.0521707975916,2,0.8999999761581421,0.09719222043811888,141.26193989630582
135,5,10.76313450299602,74.90485741483575,11.990467392735534,11.990467392735534,12.3846435546875,12.3846435546875,11.999999999999318,1.000795015486182,1.3421478790682146,1665.4917303844422,138.99194726786143,179.39431867665982,2,0.9399999976158142,0.29157668545230675,141.28588463588252
136,5,10.607158604040661,75.03203308954589,11.990467392735463,11.990467392735463,12.1978759765625,12.1978759765625,12.08702341486537,1.008052732138566,1.2916373412616067,1677.5787537993076,140.0,180.68595601792143,1,0.9599999785423279,0.19438444087623777,141.309464547382
