block,time_h,distance_nm,lat_deg,lon_deg,bearing_deg,sog_kn,sws_kn,fcr_mt_per_h,fuel_mt,duration_h,wind_speed_kmh,wind_dir_deg,beaufort,wave_height_m,current_vel_kmh,current_dir_deg
0,0,0,24.75,52.83,61.25,12,12.3572,1.33218,1.1657,0.875033,32.8371,322.125,5,0.42,1.298,123.69
0,0.875033,10.5004,24.8351,53,61.25,12,12.3572,1.33218,2.25974,1.69627,32.8371,322.125,5,0.42,1.298,123.69
0,2.57131,30.8557,25,53.3295,61.25,12,12.0624,1.23909,1.08712,0.877353,30.3128,307.278,5,0.36,1.70763,108.435
0,3.44866,41.3839,25.0852,53.5,61.25,12,12.132,1.26066,3.21637,2.55134,30.7991,290.559,5,0.333333,1.52005,108.384
1,6,72,25.3326,53.9957,61.25,12,12.132,1.26066,0.0280962,0.0222869,30.7991,290.559,5,0.333333,1.52005,108.384
1,6.02229,72.2674,25.3347,54,61.25,12,12.1906,1.27901,2.18381,1.70742,29.4431,281.997,5,0.36,1.31042,105.945
1,7.7297,92.7564,25.5,54.3317,61.25,12,12.1484,1.2658,1.09645,0.866212,28.9817,276.419,5,0.4,1.27279,98.13
1,8.59591,103.151,25.5838,54.5,61.25,12,11.7456,1.14401,2.94426,2.57363,31.4926,270.475,5,0.38,1.51988,88.6594
1,11.1695,134.034,25.8323,55,61.25,12,11.6193,1.10749,0.919727,0.830459,30.1413,262.451,5,0.42,1.8,90
2,12,144,25.9124,55.1613,61.25,12.1667,11.7914,1.15744,1.0384,0.897153,30.1413,262.451,5,0.42,1.8,90
2,12.8972,154.915,26,55.3381,61.25,12.1667,11.7035,1.13175,0.930453,0.822135,30.7837,259.216,5,0.46,1.98,90
2,13.7193,164.918,26.0803,55.5,61.25,12.1667,11.5955,1.1007,2.79398,2.53837,28.64,242.907,5,0.54,1.96392,66.3355
2,16.2577,195.802,26.3277,56,61.25,12.1667,11.5955,1.1007,1.91779,1.74234,28.64,242.907,5,0.54,1.96392,66.3355
3,18,217,26.4973,56.3432,61.25,12.1667,11.7731,1.15206,0.0321418,0.0278995,35.4266,217.569,5,0.86,1.65952,49.3988
3,18.0279,217.339,26.5,56.3487,61.25,12.1667,11.7731,1.15206,0.592498,0.514295,35.4266,217.569,5,0.86,1.65952,49.3988
3,18.5422,223.597,26.55,56.45,61.25,12.1667,12.1704,1.27268,0.33327,0.261864,42.4067,229.821,6,1,1.13842,71.5649
3,18.8041,226.783,26.5224,56.5,121.53,12.1667,12.6996,1.44602,0.307405,0.212587,42.4067,229.821,6,1,1.13842,71.5649
3,19.0166,229.369,26.5,56.5406,121.53,12.1667,12.6996,1.44602,3.4792,2.40606,42.4067,229.821,6,1,1.13842,71.5649
3,21.4227,258.643,26.2461,57,121.53,12.1667,12.5549,1.39717,3.25148,2.3272,5.18472,184.011,1,0.1,0.859766,335.022
3,23.7499,286.957,26,57.4444,121.53,12.1667,12.5549,1.39717,0.349428,0.250098,5.18472,184.011,1,0.1,0.859766,335.022
4,24,290,25.9735,57.4921,121.53,12.3333,12.5531,1.39655,0.056961,0.0407868,3.39623,237.995,1,0.12,0.402492,296.565
4,24.0408,290.503,25.9691,57.5,121.53,12.3333,12.2748,1.30571,3.37298,2.58326,5.23812,239.707,1,0.16,0.194164,67.9763
4,26.624,322.363,25.6915,58,121.53,12.3333,12.2748,1.30571,2.32246,1.7787,5.23812,239.707,1,0.16,0.194164,67.9763
4,28.4027,344.3,25.5,58.3443,121.53,12.3333,12.392,1.34346,1.08089,0.804556,11.441,245.854,2,0.32,0.18,0
4,29.2073,354.223,25.4133,58.5,121.53,12.3333,12.4615,1.36622,1.083,0.792701,17.3884,242.905,3,0.32,0.18,270
5,30,364,25.3277,58.6534,121.53,12.1667,12.4744,1.37044,2.48746,1.81508,16.7701,236.316,3,0.346667,0.489737,292.273
5,31.8151,386.084,25.1344,59,121.53,12.1667,12.207,1.28421,1.61727,1.25935,14.5121,223.995,3,0.4,1.04957,30.9637
5,33.0744,401.406,25,59.2405,121.53,12.1667,12.0532,1.23627,1.68045,1.35929,12.5705,217.965,3,0.42,0.651246,58.2825
5,34.4337,417.944,24.8548,59.5,121.53,12.1667,12.2913,1.31097,2.05334,1.56627,11.3842,214.695,2,0.47,0.254558,270
6,36,437,24.6873,59.7991,121.53,11.8333,11.9598,1.20776,1.30681,1.08201,11.3842,214.695,2,0.47,0.254558,270
6,37.082,449.804,24.5746,60,121.53,11.8333,12.6849,1.44102,1.03206,0.716202,11.5929,216.158,2,0.5,1.98816,264.806
6,37.7982,458.279,24.5,60.133,121.53,11.8333,12.6849,1.44102,2.84775,1.97621,11.5929,216.158,2,0.5,1.98816,264.806
6,39.7744,481.664,24.2938,60.5,121.53,11.8333,12.3572,1.33218,2.72594,2.04623,11.592,212.892,2,0.54,1.01021,282.78
6,41.8207,505.878,24.08,60.88,121.53,11.8333,11.806,1.16176,0.20836,0.179349,13.0481,207.881,3,0.59,0.201246,76.7175
7,42,508,24.0637,60.914,117.61,12.3333,12.2986,1.31332,0.571934,0.435488,13.0481,207.881,3,0.59,0.201246,76.7175
7,42.4355,513.371,24.0224,61,117.61,12.3333,12.2986,1.31332,0.30931,0.235518,13.0481,207.881,3,0.59,0.201246,76.7175
7,42.671,516.276,24,61.0465,117.61,12.3333,12.3718,1.33692,3.06958,2.29601,15.0826,205.958,3,0.606667,0.755927,27.7055
7,44.967,544.593,23.7819,61.5,117.61,12.3333,12.2913,1.31097,3.31876,2.53152,15.6376,212.757,3,0.61,1.10107,34.8118
7,47.4985,575.815,23.541,62,117.61,12.3333,12.1649,1.27096,0.546465,0.429962,15.5801,220.314,3,0.62,0.9,53.13
7,47.9285,581.118,23.5,62.0849,117.61,12.3333,12.1649,1.27096,0.0908801,0.071505,15.5801,220.314,3,0.62,0.9,53.13
8,48,582,23.4932,62.099,117.61,12.3333,12.0111,1.22336,2.48349,2.03006,15.6647,226.408,3,0.59,0.943577,73.4443
8,50.0301,607.037,23.2996,62.5,117.61,12.3333,12.0111,1.22336,3.09696,2.53152,15.6647,226.408,3,0.59,0.943577,73.4443
8,52.5616,638.259,23.0578,63,117.61,12.3333,12.0367,1.23121,0.744259,0.604494,15.3792,237.426,3,0.58,0.72,90
8,53.1661,645.715,23,63.1194,117.61,12.3333,12.0551,1.23684,1.03143,0.833927,14.8996,241.882,3,0.57,0.731079,82.9819
9,54,656,22.9202,63.2841,117.61,12.5,12.2217,1.28884,1.39004,1.07853,14.8996,241.882,3,0.57,0.731079,82.9819
9,55.0785,669.482,22.8156,63.5,117.61,12.5,12.2345,1.29289,3.22935,2.49777,13.931,247.205,3,0.58,0.868328,68.7609
9,57.5763,700.704,22.5729,64,117.61,12.5,12.2345,1.29289,0.969066,0.749532,13.931,247.205,3,0.58,0.868328,68.7609
9,58.3258,710.073,22.5,64.15,117.61,12.5,12.0276,1.2284,2.05656,1.67417,12.5226,251.565,3,0.52,0.96933,111.801
10,60,731,22.337,64.4852,117.61,13,12.5256,1.38741,0.0988058,0.0712161,12.5226,251.565,3,0.52,0.96933,111.801
10,60.0712,731.926,22.3298,64.5,117.61,13,12.5256,1.38741,3.33214,2.4017,12.5226,251.565,3,0.52,0.96933,111.801
10,62.4729,763.148,22.0863,65,117.61,13,13.2709,1.65007,1.40265,0.85005,10.3902,255.964,2,0.52,0.742159,345.964
10,63.323,774.199,22,65.177,117.61,13,13.2709,1.65007,2.56034,1.55165,10.3902,255.964,2,0.52,0.742159,345.964
10,64.8746,794.37,21.8424,65.5,117.61,13,13.2764,1.65212,1.82524,1.10478,9.35814,259.004,2,0.52,0.666443,256.717
10,65.9794,808.732,21.73,65.73,117.61,13,13.3698,1.68723,0.0347557,0.0205992,7.23627,270.573,2,0.52,0.9545,253.155
11,66,809,21.7267,65.7331,139.03,12.1667,12.3773,1.3387,1.99941,1.49355,7.23627,270.573,2,0.52,0.9545,253.155
11,67.4935,827.171,21.5,65.9435,139.03,12.1667,12.3773,1.3387,0.536654,0.400876,7.23627,270.573,2,0.52,0.9545,253.155
11,67.8944,832.049,21.4391,66,139.03,12.1667,12.359,1.33277,3.84583,2.88559,5.53754,293.639,1,0.52,0.48387,275.705
11,70.78,867.157,21,66.4065,139.03,12.1667,12.5092,1.38194,0.916717,0.663356,5.09117,315,1,0.54,0.648999,303.69
11,71.4434,875.228,20.8989,66.5,139.03,12.1667,12.5092,1.38194,0.76923,0.556631,5.09117,315,1,0.54,0.648999,303.69
12,72,882,20.814,66.5784,139.03,12,12.381,1.33989,2.79239,2.08404,5.56097,337.053,1,0.56,0.706362,327.314
12,74.084,907.008,20.5,66.868,139.03,12,12.381,1.33989,1.27268,0.949838,5.56097,337.053,1,0.56,0.706362,327.314
12,75.0339,918.407,20.3567,67,139.03,12,12.489,1.37527,3.24608,2.36031,8.67514,4.59218,2,0.61,1.18384,278.796
12,77.3942,946.73,20,67.328,139.03,12,12.7307,1.45668,0.882468,0.60581,12.1443,11.9761,2,0.62,1.53792,290.556
13,78,954,19.9083,67.4122,139.03,12,12.7307,1.45668,0.920787,0.632115,12.1443,11.9761,2,0.62,1.53792,290.556
13,78.6321,961.585,19.8126,67.5,139.03,12,12.3663,1.33514,2.7527,2.06173,13.6694,12.9625,3,0.65,0.917823,270
13,80.6938,986.326,19.5,67.7865,139.03,12,12.3993,1.34585,2.0679,1.53651,15.5023,12.7363,3,0.68,0.7745,286.845
13,82.2304,1004.76,19.2666,68,139.03,12,12.3993,1.34585,2.35922,1.75296,15.5023,12.7363,3,0.68,0.7745,286.845
13,83.9833,1025.8,19,68.2436,139.03,12,12.5037,1.38012,0.0230238,0.0166824,16.9428,14.7586,3,0.72,0.887157,335.817
14,84,1026,18.9975,68.2459,139.03,12.1667,12.4762,1.37104,2.47274,1.80354,17.31,16.9276,3,0.72,0.56921,288.435
14,85.8035,1047.94,18.7189,68.5,139.03,12.1667,12.2638,1.3022,1.8422,1.41468,18.0463,18.6015,3,0.75,0.525746,239.872
14,87.2182,1065.16,18.5,68.6993,139.03,12.1667,12.2638,1.3022,2.77925,2.13427,18.0463,18.6015,3,0.75,0.525746,239.872
14,89.3525,1091.12,18.1693,69,139.03,12.1667,12.2949,1.31215,0.849627,0.64751,18.5321,24.0755,3,0.76,0.402492,26.565
15,90,1099,18.0688,69.0912,139.03,12,12.1301,1.26009,0.566571,0.449628,18.5321,24.0755,3,0.76,0.402492,26.565
15,90.4496,1104.4,18,69.1537,139.03,12,12.3865,1.34168,0.350445,0.261199,18.9901,20.7291,3,0.753333,0.691681,343.441
15,90.7108,1107.53,17.96,69.19,139.03,12,12.3865,1.34168,3.38256,2.52114,18.9901,20.7291,3,0.753333,0.691681,343.441
15,93.232,1137.78,17.5567,69.5,143.63,12,12.3975,1.34525,0.475929,0.353785,18.9901,20.7291,3,0.753333,0.691681,343.441
15,93.5858,1142.03,17.5,69.5435,143.63,12,12.4323,1.35661,3.27518,2.41425,19.1309,19.799,3,0.74,0.804985,296.565
16,96,1171,17.1128,69.8404,143.63,12.3333,12.5952,1.41066,0.964117,0.683452,19.4706,19.4332,3,0.74,0.568328,278.783
16,96.6835,1179.43,17,69.9267,143.63,12.3333,12.5952,1.41066,0.817876,0.579783,19.4706,19.4332,3,0.74,0.568328,278.783
16,97.2632,1186.58,16.9043,70,143.63,12.3333,12.4927,1.37648,3.36493,2.44459,20.9482,19.0578,4,0.74,0.402492,243.435
16,99.7078,1216.73,16.5,70.3089,143.63,12.3333,12.3737,1.33752,2.02215,1.51187,21.6744,19.7446,4,0.766667,0.816333,223.322
16,101.22,1235.38,16.2496,70.5,143.63,12.3333,12.0935,1.24871,0.974379,0.780309,22.1041,16.0737,4,0.82,0.742159,165.964
17,102,1245,16.1202,70.5986,143.63,12.3333,12.1814,1.27613,0.924407,0.724381,22.3548,14.9315,4,0.85,0.793722,193.282
17,102.724,1253.93,16,70.6902,143.63,12.3333,12.1814,1.27613,3.12878,2.45176,22.3548,14.9315,4,0.85,0.793722,193.282
17,105.176,1284.17,15.5927,71,143.63,12.3333,12.2986,1.31332,0.731856,0.557257,22.877,14.5839,4,0.88,1.02628,217.765
17,105.733,1291.05,15.5,71.0704,143.63,12.3333,12.3151,1.3186,2.98875,2.2666,20.8191,9.58155,4,0.886667,0.438034,195.817
18,108,1319,15.1226,71.3569,143.63,12.1667,12.1503,1.26638,0.94373,0.745221,20.8191,9.58155,4,0.886667,0.438034,195.817
18,108.745,1328.07,15,71.4498,143.63,12.1667,12.0844,1.24588,0.501957,0.402895,20.0084,8.2758,4,0.88,0.402492,153.435
18,109.148,1332.97,14.9337,71.5,143.63,12.1667,12.1613,1.26981,3.34325,2.63287,19.2961,8.58354,3,0.86,1.298,56.3099
18,111.781,1365,14.5,71.8282,143.63,12.1667,12.3352,1.32509,1.82569,1.37779,16.5756,2.4895,3,0.84,0.96933,248.199
18,113.159,1381.77,14.2727,72,143.63,12.1667,12.2839,1.30863,0.734785,0.561491,17.3268,355.83,3,0.82,1.21896,241.287
18,113.72,1388.6,14.18,72.07,143.63,12.1667,12.2839,1.30863,0.366075,0.279739,17.3268,355.83,3,0.82,1.21896,241.287
19,114,1392,14.1362,72.1065,140.84,12.1667,12.3169,1.31919,1.14804,0.870262,17.3268,355.83,3,0.82,1.21896,241.287
19,114.87,1402.59,14,72.2202,140.84,12.1667,12.3169,1.31919,2.82683,2.14285,17.3268,355.83,3,0.82,1.21896,241.287
19,117.013,1428.66,13.6642,72.5,140.84,12.1667,12.4396,1.35901,1.42276,1.04691,17.7352,354.176,3,0.83,1.65475,247.5
19,118.06,1441.4,13.5,72.6367,140.84,12.1667,12.6337,1.42362,2.76178,1.93998,18.0036,348.465,3,0.84,1.62997,263.66
20,120,1465,13.1954,72.89,140.84,12.5,12.6337,1.42362,1.16672,0.819549,18.2089,337.094,3,0.84,0.858428,246.973
20,120.82,1475.24,13.0631,73,140.84,12.5,12.6337,1.42362,0.555795,0.390411,18.2089,337.094,3,0.84,0.858428,246.973
20,121.21,1480.12,13,73.0524,140.84,12.5,12.3975,1.34525,4.15947,3.09197,20.6637,310.28,4,0.82,0.229706,149.639
20,124.302,1518.77,12.5,73.4672,140.84,12.5,12.3956,1.34465,0.328648,0.244411,21.0931,297.44,4,0.82,0.36,90
20,124.546,1521.83,12.4604,73.5,140.84,12.5,12.3553,1.33159,1.93568,1.45366,20.6093,292.977,4,0.82,0.503901,87.3622
21,126,1540,12.225,73.695,140.84,12.5,12.3553,1.33159,1.84814,1.38792,20.6093,292.977,4,0.82,0.503901,87.3622
21,127.388,1557.35,12,73.8812,140.84,12.5,12.3553,1.33159,1.17873,0.885209,20.6093,292.977,4,0.82,0.503901,87.3622
21,128.273,1568.41,11.8564,74,140.84,12.5,12.5366,1.39106,3.05347,2.19506,20.3791,288.535,4,0.806667,0.639563,64.53
21,130.468,1595.85,11.5,74.2945,140.84,12.5,12.3773,1.3387,2.05053,1.53173,19.8098,289.094,4,0.8,0.72,90
21,132,1615,11.251,74.5,140.84,12.5,12.3773,1.3387,0.000110024,8.2187e-05,19.8098,289.094,4,0.8,0.72,90
22,132,1615,11.251,74.5,140.84,12.3333,11.9855,1.21554,1.90093,1.56385,18.2761,287.187,3,0.78,0.804985,116.565
22,133.564,1634.29,11,74.707,140.84,12.3333,11.9855,1.21554,2.69026,2.21322,18.2761,287.187,3,0.78,0.804985,116.565
22,135.777,1661.58,10.6444,75,140.84,12.3333,12.1411,1.26351,1.13446,0.897861,18.8881,292.397,3,0.77,0.829991,77.3269
22,136.675,1672.66,10.5,75.1189,140.84,12.3333,12.229,1.29115,0.401326,0.310827,19.8556,292.38,4,0.8,0.36,90
22,136.986,1676.49,10.45,75.16,140.84,12.3333,12.3517,1.3304,1.34935,1.01424,17.4392,292.279,3,0.833333,0.434164,232.623
23,138,1689,10.2992,75.3049,136.42,11.8333,11.8701,1.18078,1.68027,1.42302,17.4392,292.279,3,0.833333,0.434164,232.623
23,139.423,1705.84,10.0961,75.5,136.42,11.8333,12.3151,1.3186,0.887332,0.672932,11.5031,290.136,2,0.84,0.96933,291.801
23,140.096,1713.8,10,75.5923,136.42,11.8333,12.5861,1.40758,4.18657,2.9743,9.24709,307.534,2,0.8,1.38502,322.145
23,143.07,1749,9.57494,76,136.42,11.8333,12.5861,1.40758,0.737546,0.52398,9.24709,307.534,2,0.8,1.38502,322.145
23,143.594,1755.2,9.5,76.0718,136.42,11.8333,12.6007,1.4125,0.573153,0.405771,7.92818,320.528,2,0.8,1.45121,330.255
24,144,1760,9.44196,76.1275,136.42,12.6667,12.6648,1.43417,3.64091,2.5387,5.34457,293.732,1,0.793333,0.438034,47.2326
24,146.539,1792.16,9.05298,76.5,136.42,12.6667,12.6648,1.43417,0.495628,0.345587,5.34457,293.732,1,0.793333,0.438034,47.2326
24,146.884,1796.53,9,76.5507,136.42,12.6667,12.6044,1.41374,4.32843,3.06169,8.39657,210.964,2,0.7,0.18,180
24,149.946,1835.32,8.53027,77,136.42,12.6667,12.9285,1.52562,0.0824163,0.0540216,2.16,180,1,0.84,0.402492,333.435
25,150,1836,8.52198,77.0079,136.42,12.8333,13.0933,1.5847,0.223883,0.141277,2.16,180,1,0.84,0.402492,333.435
25,150.141,1837.81,8.5,77.0289,136.42,12.8333,12.4414,1.35961,4.30782,3.16843,6.28219,352.971,2,0.96,0.752349,127.256
25,153.31,1878.47,8.00684,77.5,136.42,12.8333,12.4854,1.37406,3.69663,2.69029,10.0864,34.8246,2,1.42,0.9,180
26,156,1913,7.58763,77.9,136.42,12,11.9653,1.20943,0.726916,0.601043,27.5017,41.0948,4,1.455,0.903307,207.317
26,156.601,1920.21,7.5,77.9835,136.42,12,11.9653,1.20943,0.143216,0.118417,27.5017,41.0948,4,1.455,0.903307,207.317
26,156.719,1921.63,7.48273,78,136.42,12,12.8607,1.50176,4.96909,3.30885,33.3714,42.8142,5,1.46,0.96933,248.199
26,160.028,1961.34,7,78.46,136.42,12,12.7307,1.45668,0.309132,0.212218,31.4859,32.0795,5,1.52667,0.867376,233.456
26,160.241,1963.89,6.98516,78.5,110.37,12,12.738,1.45919,2.56741,1.75947,30.7774,24.1666,5,1.56,0.254558,225
27,162,1985,6.86207,78.8316,110.37,12.5,13.1482,1.60473,1.37609,0.857518,29.6928,17.6406,5,1.56,0.18,180
27,162.858,1995.72,6.79957,79,110.37,12.5,12.4963,1.37769,3.50846,2.54661,27.8866,10.8601,4,1.6,0.339017,156.073
27,165.404,2027.55,6.61392,79.5,110.37,12.5,12.4963,1.37769,2.15221,1.56218,27.8866,10.8601,4,1.6,0.339017,156.073
27,166.966,2047.08,6.5,79.8067,110.37,12.5,12.5824,1.40635,1.38446,0.984431,19.7024,5.25441,4,1.5,0.561246,193.282
27,167.951,2059.38,6.4282,80,110.37,12.5,12.6831,1.44039,0.0709464,0.0492549,9,163.74,2,1.3,0.254558,225
28,168,2060,6.4246,80.0097,110.37,12.5,12.4194,1.35242,3.37747,2.49736,5.24168,164.055,1,1.28,0.72,180
28,170.497,2091.22,6.24241,80.5,110.37,12.5,12.5897,1.40881,3.5877,2.54661,3.98914,51.4973,1,1.14,0.63,206.565
28,173.044,2123.05,6.05655,81,110.37,12.5,12.5897,1.40881,1.09136,0.774663,3.98914,51.4973,1,1.14,0.63,206.565
28,173.819,2132.73,6,81.1521,110.37,12.5,13.6078,1.77896,0.322641,0.181364,24.7016,30.4314,4,1.68,3.8656,233.181
29,174,2135,5.98676,81.1877,110.37,12,13.1134,1.59203,2.63777,1.65686,24.7016,30.4314,4,1.68,3.8656,233.181
29,175.657,2154.88,5.87063,81.5,110.37,12,13.3789,1.6907,4.48496,2.65272,33.2684,16.7657,5,1.95,2.88154,231.277
29,178.31,2186.71,5.68464,82,110.37,12,13.1793,1.61616,1.02893,0.636653,34.9526,5.92988,5,1.93,1.74771,235.386
29,178.946,2194.35,5.64,82.12,110.37,12,13.1793,1.61616,1.70305,1.05376,34.9526,5.92988,5,1.93,1.74771,235.386
30,180,2207,5.59388,82.3265,102.57,12,13.28,1.65349,1.46467,0.885804,34.9526,5.92988,5,1.93,1.74771,235.386
30,180.886,2217.63,5.55511,82.5,102.57,12,13.0823,1.58072,1.99011,1.25899,31.0561,5.78106,5,1.9,1.2792,230.767
30,182.145,2232.74,5.5,82.7467,102.57,12,13.0823,1.58072,2.04398,1.29307,31.0561,5.78106,5,1.9,1.2792,230.767
30,183.438,2248.25,5.44339,83,102.57,12,12.7783,1.47308,3.75939,2.55206,30.6529,12.8937,5,1.88,0.804985,206.565
30,185.99,2278.88,5.33166,83.5,102.57,12,12.5385,1.39167,0.0140125,0.0100689,31.4243,18.7088,5,1.88,0.394589,57.3467
31,186,2279,5.33122,83.502,102.57,12,11.9836,1.21499,3.08849,2.54199,27.7715,13.5195,4,1.88,0.509117,44.9999
31,188.542,2309.5,5.2199,84,102.57,12,11.9836,1.21499,3.10072,2.55206,27.7715,13.5195,4,1.88,0.509117,44.9999
31,191.094,2340.13,5.10812,84.5,102.57,12,12.0917,1.24814,1.13074,0.905942,24.4348,29.644,4,1.82,0.127279,157.5
32,192,2351,5.06844,84.6775,102.57,12,12.0917,1.24814,1.94988,1.56222,24.4348,29.644,4,1.82,0.127279,157.5
32,193.562,2369.75,5,84.9836,102.57,12,12.2034,1.28305,0.107644,0.0838971,23.5848,31.2637,4,1.82,0.254558,225
32,193.646,2370.75,4.99632,85,102.57,12,12.0917,1.24814,3.18534,2.55206,22.9203,35.714,4,1.82,0.268328,176.622
32,196.198,2401.38,4.88451,85.5,102.57,12,12.0917,1.24814,2.24892,1.80181,22.9203,35.714,4,1.82,0.268328,176.622
33,198,2423,4.80555,85.853,102.57,11.6667,12.1008,1.25098,0.965361,0.771684,19.6403,42.9227,4,1.79,0.455805,215.782
33,198.772,2432,4.77267,86,102.57,11.6667,12.1008,1.25098,3.2838,2.62498,19.6403,42.9227,4,1.79,0.455805,215.782
33,201.397,2462.63,4.66082,86.5,102.57,11.6667,12.2144,1.28652,3.34924,2.60334,14.0226,64.1529,3,1.69,0.852492,238.283
34,204,2493,4.54987,86.9959,102.57,11.6667,12.2144,1.28652,0.0278449,0.0216436,14.0226,64.1529,3,1.69,0.852492,238.283
34,204.022,2493.25,4.54895,87,102.57,11.6667,12.1539,1.26752,0.266177,0.209998,11.8145,77.7695,2,1.65333,0.607386,265.332
34,204.232,2495.7,4.54,87.04,102.57,11.6667,12.1539,1.26752,3.01162,2.37599,11.8145,77.7695,2,1.65333,0.607386,265.332
34,206.608,2523.42,4.59808,87.5,82.83,11.6667,11.8536,1.17587,3.0368,2.5826,10.2852,85.9847,2,1.62,0.09,180
34,209.19,2553.55,4.6612,88,82.83,11.6667,11.8536,1.17587,0.952183,0.809768,10.2852,85.9847,2,1.62,0.09,180
35,210,2563,4.68099,88.1568,82.83,11.8333,11.969,1.21054,2.11585,1.74786,10.0092,79.5774,2,1.58,0.194164,16.2671
35,211.748,2583.68,4.72431,88.5,82.83,11.8333,11.969,1.21054,3.0823,2.54622,10.0092,79.5774,2,1.58,0.194164,16.2671
35,214.294,2613.81,4.78742,89,82.83,11.8333,12.1008,1.25098,2.13406,1.70591,9.39131,77.8515,2,1.56,0.687097,337.5
36,216,2634,4.8297,89.335,82.83,11.6667,11.9562,1.20665,1.02845,0.852314,8.50542,81.036,2,1.55333,0.786829,336.831
36,216.852,2643.94,4.85052,89.5,82.83,11.6667,11.9562,1.20665,3.1163,2.5826,8.50542,81.036,2,1.55333,0.786829,336.831
36,219.435,2674.07,4.91362,90,82.83,11.6667,11.8536,1.17587,3.01621,2.56509,7.0245,88.5688,2,1.54,0.464605,350.782
37,222,2704,4.97628,90.4966,82.83,11.5,11.8518,1.17533,0.0208801,0.0177653,7.69401,87.3568,2,1.52,0.493606,312.362
37,222.018,2704.2,4.97671,90.5,82.83,11.5,11.8518,1.17533,1.13694,0.967338,7.69401,87.3568,2,1.52,0.493606,312.362
37,222.985,2715.33,5,90.6846,82.83,11.5,11.861,1.17805,1.94695,1.65269,7.95266,84.8057,2,1.5,0.402492,296.565
37,224.638,2734.33,5.03979,91,82.83,11.5,11.9415,1.20222,3.14985,2.62003,7.07288,75.2564,2,1.48,0.648999,303.69
37,227.258,2764.46,5.10287,91.5,82.83,11.5,12.2601,1.30104,0.965603,0.742179,8.85482,72.1393,2,1.45333,1.22085,288.843
38,228,2773,5.12074,91.6416,82.83,11.6667,12.1576,1.26867,2.34833,1.85102,9.96667,69.9344,2,1.43,0.5945,253.155
38,229.851,2794.6,5.16594,92,82.83,11.6667,12.1576,1.26867,1.76929,1.3946,9.96667,69.9344,2,1.43,0.5945,253.155
38,231.246,2810.87,5.2,92.27,82.83,11.6667,12.4854,1.37406,1.62465,1.18237,11.4534,62.1168,2,1.38667,1.29058,242.901
38,232.428,2824.66,5.2207,92.5,84.87,11.6667,12.066,1.24022,1.94964,1.57201,12.1067,53.4564,2,1.36,0.644605,305.782
39,234,2843,5.24823,92.8058,84.87,11.8333,12.2308,1.29173,1.27144,0.984291,12.1067,53.4564,2,1.36,0.644605,305.782
39,234.984,2854.65,5.26571,93,84.87,11.8333,12.2308,1.29173,3.27346,2.53416,12.1067,53.4564,2,1.36,0.644605,305.782
39,237.518,2884.63,5.3107,93.5,84.87,11.8333,11.8243,1.16717,2.8964,2.48155,11.8631,62.2667,3,1.26,1.48432,14.0363
40,240,2914,5.35477,93.9896,84.87,12,11.9873,1.2161,0.0630871,0.0518766,11.8631,62.2667,3,1.26,1.48432,14.0363
40,240.052,2914.62,5.3557,94,84.87,12,11.9873,1.2161,3.03899,2.49896,11.8631,62.2667,3,1.26,1.48432,14.0363
40,242.551,2944.61,5.40069,94.5,84.87,12,12.262,1.30162,3.2527,2.49896,7.93991,91.1217,2,1.06,2.57748,347.848
40,245.05,2974.6,5.44568,95,84.87,12,12.262,1.30162,1.2368,0.9502,7.93991,91.1217,2,1.06,2.57748,347.848
41,246,2986,5.46279,95.1901,84.87,12,12.2656,1.30279,2.01771,1.54876,6.51988,96.3401,2,0.92,1.11436,344.518
41,247.549,3004.59,5.49067,95.5,84.87,12,12.24,1.29464,0.671006,0.518297,6.51988,96.3401,2,0.86,0.56921,341.565
41,248.067,3010.8,5.5,95.6037,84.87,12,11.9745,1.2122,2.40097,1.98066,4.39436,124.992,1,0.36,0.254558,135
41,250.048,3034.57,5.53565,96,84.87,12,11.8848,1.18516,2.31376,1.95228,9.40846,127.987,2,0.34,0.503901,103.568
42,252,3058,5.57079,96.3906,84.87,12,11.8848,1.18516,0.647908,0.546685,9.40846,127.987,2,0.34,0.503901,103.568
42,252.547,3064.56,5.58063,96.5,84.87,12,11.8848,1.18516,2.96167,2.49896,9.40846,127.987,2,0.34,0.503901,103.568
42,255.046,3094.55,5.62561,97,84.87,12,12.0697,1.24135,0.992668,0.799668,9.38765,94.3986,2,0.38,0.254558,44.9999
42,255.845,3104.14,5.64,97.16,84.87,12,12.0697,1.24135,1.09717,0.883851,9.38765,94.3986,2,0.38,0.254558,44.9999
42,256.729,3114.75,5.5,97.2677,142.39,12,12.1045,1.25212,1.59123,1.27084,5.63042,143.008,2,0.39,0.487279,67.4999
43,258,3130,5.29864,97.4226,142.39,12,12.1045,1.25212,0.794856,0.63481,5.63042,143.008,2,0.39,0.487279,67.4999
43,258.635,3137.62,5.19804,97.5,142.39,12,11.6724,1.12274,1.40265,1.2493,4.01257,216.075,1,0.39,0.648999,123.69
43,259.884,3152.61,5,97.6523,142.39,12,11.6724,1.12274,3.20307,2.8529,4.01257,216.075,1,0.39,0.648999,123.69
43,262.737,3186.84,4.54754,98,142.39,12,11.7914,1.15744,0.346824,0.299647,2.96864,255.964,1,0.26,0.402492,153.435
43,263.037,3190.44,4.5,98.0365,142.39,12,11.7914,1.15744,1.11501,0.963343,2.96864,255.964,1,0.26,0.402492,153.435
44,264,3202,4.34714,98.1539,142.39,12,11.7511,1.14562,2.50551,2.18704,2.93777,267.1,1,0.22,0.470892,138.765
44,266.187,3228.24,4,98.4205,142.39,12,11.7511,1.14562,0.747144,0.652175,2.93777,267.1,1,0.22,0.470892,138.765
44,266.839,3236.07,3.89645,98.5,142.39,12,11.9452,1.20333,3.00384,2.49628,3.82685,228.814,1,0.18,0.18,90
44,269.335,3266.03,3.5,98.8043,142.39,12,12.0093,1.2228,0.812561,0.664509,6.13058,220.236,2,0.14,0,90
45,270,3274,3.39444,98.8853,142.39,11.8333,11.8427,1.1726,1.11945,0.95467,6.13058,220.236,2,0.14,0,90
45,270.955,3285.3,3.24486,99,142.39,11.8333,11.8427,1.1726,1.83226,1.56256,6.13058,220.236,2,0.14,0,90
45,272.517,3303.79,3,99.1878,142.39,11.8333,11.8427,1.1726,3.04575,2.59742,6.13058,220.236,2,0.14,0,90
45,275.115,3334.52,2.59285,99.5,142.39,11.8333,11.8427,1.1726,0.694438,0.592218,6.13058,220.236,2,0.14,0,90
45,275.707,3341.53,2.5,99.5712,142.39,11.8333,11.8427,1.1726,0.34373,0.293134,6.13058,220.236,2,0.14,0,90
46,276,3345,2.45404,99.6064,142.39,12,12.0093,1.2228,3.49119,2.85508,6.13058,220.236,2,0.14,0,90
46,278.855,3379.26,2,99.9544,142.39,12,12.0093,1.2228,0.457411,0.374069,6.13058,220.236,2,0.14,0,90
46,279.229,3383.75,1.9405,100,142.39,12,12.0093,1.2228,0.942602,0.770855,6.13058,220.236,2,0.14,0,90
